<?xml version="1.0" encoding="UTF-8"?>

<beans xmlns="http://www.springframework.org/schema/beans"

    xmlns:xsi="http://www.w3.org/2001/XMLSchema-instance"

    xmlns:context="http://www.springframework.org/schema/context" xsi:schemaLocation="

        http://www.springframework.org/schema/beans http://www.springframework.org/schema/beans/spring-beans.xsd

        http://www.springframework.org/schema/context http://www.springframework.org/schema/context/spring-context.xsd"> <!-- bean definitions here -->


        <bean  id="empBean1" class="com.wipro.model.Employee" > 
         <constructor-arg name="emno" value="1001" />
          <constructor-arg name="ename" value="siva" />
           <constructor-arg name="hiredate" value="2002-08-23" />
            <constructor-arg name="job" value="java developer" />
             <constructor-arg name="sal" value="899009.0" />
              <constructor-arg name="deptno" value="10" />
         
        
        
        
        </bean>
        
        
        <bean id="empBean2" class="com.wipro.model.Employee" >
            <property name="emno" value="1002 " />
            <property name="ename" value="Mounika " />
            <property name="customHiredate" value="2002-04-27" />
            <property name="job" value="full stack java developer" />
            <property name="sal" value="100000.0 " />
            <property name="deptno" value="20 " />
        
        
        </bean>


</beans>


